object_id,ein,BsnssNmLn1Txt,PrmryActvtsTxt,OrgPrftOrOwnrshpPct,OfcrEtcPrftOrOwnrshpPct,PhyscnsPrftOrOwnrshpPct
201601309349301480,620476822,1 Ambulatory Surgery Center of Cool Springs LLC,Ambulatory Surgery Center,0.51020,0.00000,0.13260
201601309349301480,620476822,2 Vanderbilt Imaging Services LLC,Radiology Services,0.66670,0.00000,0.33330
201601309349301480,620476822,3 New Light Imaging LLC,Outpatient Diagnostic Imaging,0.66670,0.00000,0.33330
201601309349301480,620476822,4 One Hundred Oaks Imaging LLC,Outpatient Diagnostic Imaging,0.80000,0.00000,0.20000
201601309349301480,620476822,5 Williamson Imaging LLC,Outpatient Diagnostic Imaging,0.53340,0.00000,0.26660
201601309349301480,620476822,6 VIP Midsouth LLC,Pediatric Clinics,0.45180,0.00000,0.54820
201601309349301480,620476822,7 Springfield VIP Realty LLC,Own Real Estate Used as Medical Facility,0.49000,0.00000,0.51000
201611379349307081,951642394,NA
201611379349302081,720423889,University Healthcare System,Operation of a hospital facility,0.1725,0,0
